version_month,region,pwid,name_en,D1R_date,job_role,quarter,role,remark
202309,East,1600799,"Wang, Guo Xi",2019/1/30,BB TS,2023Q3,WM BBTS,
202309,East,1331305,"Zhan, Jing",2018/6/1,BB TS,2023Q3,WM BBTS,
202309,East,1655233,"Liu, Zhen",2022/5/6,BB TS,2023Q3,WM BBTS,
202309,East,1656461,Pan Wei,2022/6/2,BB TS,2023Q3,WM BBTS,
202309,South,1602250,"Chen2, Qian",2019/3/26,BB TS,2023Q3,WM BBTS,Cover Tier 2 City only. 
202309,South,1543457,"Zhang, Yan Xi",2018/4/18,BB TS,2023Q3,WM BBTS,
202309,South,1528154,"Yu, Yvonne",2019/2/1,BB TS,2023Q3,WM BBTS,
202309,South,1619056,"Cen, Yi Li",2022/1/26,BB TS,2023Q3,WM BBTS,
202309,North,1600290,"Lai, Qiang",2019/1/18,BB TS,2023Q3,WM BBTS,
202309,North,1354590,"Zhu, Hong Lian",2020/8/14,BB TS,2023Q3,WM BBTS,
202309,West,1480362,"Tang, Li",2022/11/2,BB TS,2023Q3,WM BBTS,Cover Tier 2 City only. 
,,,,,,,,
