ACCOUNT BRANCH,BRANCH DESCRIPTION,SEGMENT CODE,CUST_SEG_CODE,PRODUCTCODE,PRODUCTCODE_DESCRIPTION,ARMCODE,ARM UNIT HEAD,ISRESIDENTFLAG,CITYCODE,COUNTRYCODE,CUSTTYPECODE,CUSTOMER DEALNUMBER,INTERNAL DEAL NUMBER ,GLDEPT ID,INT_MASTERNO ,INT_PRODUCTCODE,INT_PRODUCTCODE_DESCRIPTION,INT_DEALTYPE,INT_DEALTYPE_DESCRIPTION,BASERATE,INT_ACCT_CLASS_CODE,CUS_ACCT_CLASS_CODE,CUS_MASTER_NO,SHORTNAME,ISICCODE,DEALTYPE,DEALTYPE_DESCRIPTION,VALUEDT,MATURITYDT,LIMITPRODUCT,LIMITNUMBER,LIMIT SEQUENCE,DEALCURRENCY,PRINCIPAL_AMT,PRINCIPAL_AMT_BASE,DEALAMT,DEALAMT_BASE,MATURITY,MATURITY_BASE,ACCRUEDINTERESTAMT,ACCRUEDINTERESTAMT_BASE,CUSTOMERRATE,INTEREST_RATE,DEALAMNT,INTPAYDUEDT,EODDATE,SEGMENTCODE,BASERATE,SIGN OF MARGIN,INTMATURITYINTEREST,INTMATURITYINTEREST_BASE,INT_ACCRUEDINSTAMT,INT_ACCRUEDINSTAMT_BASE,COF_TOTINTDISPATCHED,COF_TOTINTDISPATCHED_BASE,TOTINTCAP,TOTINTCAP_BASE,NETINTERESTINCOME,NETINTERESTINCOME_BASE,RUNDATE,RUNDATE_YYYY,RUNDATE_MM,RUNDATE_DD,CRGCODE,REPRICINGDT,NEXTREPRICINGDT,DEALCONTRAACTNUMBER,STATUS,COUNTRYOFRESIDENCE,RESIDENTSTATUS,SERVICEINDICATOR,DEAL_REF_1,DEAL_REF_2,DEAL_REF_3,ACTUAL PURPOSE OF LOAN
15020,SCB Xiamen branch ( R )                           ,59,26,705,S/T UNCOMMITTED LOAN TO CUST ONSHORE-D,EFI,   ,Y,   ,CN,RMY,91000961699,2310260010,1121,1,772,INTERNAL DEAL-LIABILITY-D,IDDA,INTERNAL DEAL_DEPOSIT-360,2.451,299102,133732,505290,ABC,2029,LSUE,BWC STL UNCOM TO CUST ONSHORE-360,20231026,20240423,STUO,505290,5,CNY,1000000,1000000,1000000,1000000,15866.66,15866.66,933.33,933.33,2.349,4.8,0,20240126,20231229,59,2.451,+,12254.99,12254.99,4496.33,4496.33,,,8133.34,8133.34,4570.336667,4570.34,20231229,2023,12,29,8B ,,,1.502E+17,1,CN,R,4,WCSP(LPR),70625811,10906121,
28020,SCB (China) LTD Chongqing Branch(R)               ,59,26,705,S/T UNCOMMITTED LOAN TO CUST ONSHORE-D,QGV,   ,Y,   ,CN,RPL,91000945663,2308040005,1121,1,772,INTERNAL DEAL-LIABILITY-D,IDDA,INTERNAL DEAL_DEPOSIT-360,2.1907,299102,133732,520287,DEF,4312,LSUE,BWC STL UNCOM TO CUST ONSHORE-360,20230804,20240131,STUO,520287,5,CNY,300000,300000,300000,300000,3721.67,3721.67,1860.83,1860.83,5.5093,7.7,0,20240104,20231229,59,2.1907,+,3286.04,3286.04,2692.46,2692.46,,,7828.34,7828.34,6996.705833,6996.71,20231229,2023,12,29,6A ,,,2.802E+17,1,CN,R,8,WCSP(LPR),70788172,10923504,
20020,SCB Guangzhou branch ( R )                        ,59,26,705,S/T UNCOMMITTED LOAN TO CUST ONSHORE-D,KYV,   ,Y,   ,CN,RPL,91000972991,2312210014,1121,1,772,INTERNAL DEAL-LIABILITY-D,IDDA,INTERNAL DEAL_DEPOSIT-360,2.378,299102,133732,526100,GHI,8121,LSUE,BWC STL UNCOM TO CUST ONSHORE-360,20231221,20240618,STUO,526100,5,CNY,1570000,1570000,1570000,1570000,54950.02,54950.02,3663.33,3663.33,4.622,7,0,20240119,20231229,59,2.378,+,18667.29,18667.29,939.21,939.21,,,0,0,2724.121111,2724.12,20231229,2023,12,29,5A ,,,2.002E+17,1,CN,R,8,WCSP(LPR),70679886,10941922,
20020,SCB Guangzhou branch ( R )                        ,59,26,705,S/T UNCOMMITTED LOAN TO CUST ONSHORE-D,KYV,   ,Y,   ,CN,RPL,91000973707,2312250003,1121,1,772,INTERNAL DEAL-LIABILITY-D,IDDA,INTERNAL DEAL_DEPOSIT-360,2.3612,299102,133732,526100,JKL,8121,LSUE,BWC STL UNCOM TO CUST ONSHORE-360,20231225,20240621,STUO,526100,5,CNY,1700000,1700000,1700000,1700000,59169.44,59169.44,2644.44,2644.44,4.6388,7,0,20240125,20231229,59,2.3612,+,19958.68,19958.68,561.45,561.45,,,0,0,2082.986667,2082.99,20231229,2023,12,29,5A ,,,2.002E+17,1,CN,R,8,WCSP(LPR),70679886,10941922,
37020,SCB Jinan Branch(R)                               ,55,26,705,S/T UNCOMMITTED LOAN TO CUST ONSHORE-D,JUG,   ,Y,   ,CN,RPL,91000958872,2310130101,1121,1,772,INTERNAL DEAL-LIABILITY-D,IDDA,INTERNAL DEAL_DEPOSIT-360,2.3314,299102,133732,531242,MNO,4100,LSUE,BWC STL UNCOM TO CUST ONSHORE-360,20231013,20240410,STUO,531242,5,CNY,750000,750000,750000,750000,16089.79,16089.79,2704.17,2704.17,4.1586,6.49,0,20240112,20231229,55,2.3314,+,8742.75,8742.75,3799.03,3799.03,,,8247.71,8247.71,7152.850833,7152.85,20231229,2023,12,29,5A ,,,3.702E+17,1,CN,R,4,WCSP(LPR),70728818,10937884,
37020,SCB Jinan Branch(R)                               ,55,26,705,S/T UNCOMMITTED LOAN TO CUST ONSHORE-D,JUG,   ,Y,   ,CN,RPL,91000952046,2309060024,1121,1,772,INTERNAL DEAL-LIABILITY-D,IDDA,INTERNAL DEAL_DEPOSIT-360,2.151,299102,133732,531242,PQR,4100,LSUE,BWC STL UNCOM TO CUST ONSHORE-360,20230906,20240304,STUO,531242,5,CNY,850000,850000,850000,850000,13638.02,13638.02,4137.38,4137.38,4.339,6.49,0,20240105,20231229,55,2.151,+,9141.75,9141.75,5839.69,5839.69,,,13944.48,13944.48,12242.17111,12242.17,20231229,2023,12,29,5A ,,,3.702E+17,1,CN,R,4,WCSP(LPR),70837657,10937884,
18020,SCB Beijing branch ( R )                          ,11,350,762,ENTRUSTMENT LOAN-D,J29,A00,Y,   ,CN,RPL,91000877175,           ,5203,       ,   , ,    , ,0,      ,895087,579061,STU,4799,LENL,ENTRUSTMENT LOAN,20220224,20250221,ENTL,579061,5,CNY,61250000,61250000,61250000,61250000,371923.61,371923.61,230368.06,230368.06,0.2,0.2,0,20250221,20231229,11,0,+,0,0,-340.28,-340.28,,,0,0,230708.3378,230708.34,20231229,2023,12,29,NA ,,,1.802E+17,1,CN,R,8,COMM 1000.00 EL-0465583-20211021,360280716  CAP-FEX,LPU1B126253386 DD 713 WCL,
15020,SCB Xiamen branch ( R )                           ,52,26,705,S/T UNCOMMITTED LOAN TO CUST ONSHORE-D,MHG,   ,Y,   ,CN,RMY,91000816351,2005070010,1121,1,772,INTERNAL DEAL-LIABILITY-D,IDDA,INTERNAL DEAL_DEPOSIT-360,2.43,299102,133732,428145,VWX,4651,LSUE,BWC STL UNCOM TO CUST ONSHORE-360,20200507,20201103,STUO,428145,4,CNY,710000,710000,710000,710000,0,0,0,0,11.97,14.4,0,20201103,20231229,52,2.43,+,0,0,0,0,,,42600.01,42600.01,42600.01,42600.01,20231229,2023,12,29,14,20200805,,1.502E+17,1,CN,R,4,WCSP(LPR)[LPIC],70527447,10666078,
10010,SCB Shanghai Main Branch(R)                       ,55,26,705,S/T UNCOMMITTED LOAN TO CUST ONSHORE-D,AFD,   ,Y,   ,CN,RMY,91000972310,2312180004,1121,1,772,INTERNAL DEAL-LIABILITY-D,IDDA,INTERNAL DEAL_DEPOSIT-360,2.4215,299102,133732,440019,YZ,8299,LSUE,BWC STL UNCOM TO CUST ONSHORE-360,20231218,20240614,STUO,440019,4,CNY,350000,350000,350000,350000,12512.61,12512.61,1048.54,1048.54,4.7685,7.19,0,20240118,20231229,55,2.4215,+,4214.07,4214.07,283.23,283.23,,,0,0,765.3073611,765.31,20231229,2023,12,29,7A ,,,1.001E+17,1,CN,R,4,WCSP(LPR),70844576,10953191,
28020,SCB (China) LTD Chongqing Branch(R)               ,59,26,705,S/T UNCOMMITTED LOAN TO CUST ONSHORE-D,MHG,   ,Y,   ,CN,RPL,91000884026,2205250027,1121,1,772,INTERNAL DEAL-LIABILITY-D,IDDA,INTERNAL DEAL_DEPOSIT-360,2.0831,299102,133732,485701,ABC,4210,LSUE,BWC STL UNCOM TO CUST ONSHORE-360,20220525,20221121,STUO,485701,4,CNY,3000000,3000000,3000000,3000000,0,0,0,0,6.7669,8.85,0,20221121,20231229,59,2.0831,+,0,0,0,0,,,132750,132750,132750,132750,20231229,2023,12,29,12C,,,2.802E+17,1,CN,R,8,WCSP(LPR),70615222,10832235,
37020,SCB Jinan Branch(R)                               ,52,26,705,S/T UNCOMMITTED LOAN TO CUST ONSHORE-D,MHG,   ,Y,   ,CN,RPL,91000895276,2209080008,1121,1,772,INTERNAL DEAL-LIABILITY-D,IDDA,INTERNAL DEAL_DEPOSIT-360,1.75,299102,133732,620576,DEF,4210,LSUE,BWC STL UNCOM TO CUST ONSHORE-360,20220908,20230307,STUO,620576,6,CNY,4900000,4900000,4900000,4900000,0,0,0,0,5.45,7.2,0,,20231229,52,1.75,+,0,0,0,0,,,176400,176400,176400,176400,20231229,2023,12,29,12C,,,3.702E+17,1,CN,R,4,WCSP(LPR),70821655,10845735,
18020,SCB Beijing branch ( R )                          ,1,500,762,ENTRUSTMENT LOAN-D,E23,   ,Y,   ,CN,RPL,91000623146,           ,5141,       ,   , ,    , ,0,      ,895087,1155024,GHI,8341,LENL,ENTRUSTMENT LOAN,20151103,20180917,ENTL,1155024,11,CNY,1000000,1000000,1000000,1000000,0,0,0,0,6.2,6.2,0,20180917,20231229,1,0,+,0,0,0,0,,,180661.11,180661.11,180661.11,180661.11,20231229,2023,12,29,NA ,,,1.802E+17,1,CN,R,8,TP COMM 6088.89,300051577 L/I 506331,W0011200292442 RO,
18020,SCB Beijing branch ( R )                          ,11,350,762,ENTRUSTMENT LOAN-D,J29,A00,Y,   ,CN,RPL,91000849482,           ,5203,       ,   , ,    , ,0,      ,895087,440170,JKL,4791,LENL,ENTRUSTMENT LOAN,20220324,20230323,ENTL,440170,4,CNY,358420000,358420000,358420000,358420000,0,0,0,0,0.2,0.2,0,20230323,20231229,11,0,+,0,0,0,0,,,1441644.89,1441644.89,1441644.89,1441644.89,20231229,2023,12,29,NA ,,,1.802E+17,1,CN,R,8,COMM 1000.00 EL-0584811-20210223,360936895 CAP-FEX,LPU1B125428316 RO 713 WCL,
18020,SCB Beijing branch ( R )                          ,11,350,762,ENTRUSTMENT LOAN-D,J29,A00,Y,   ,CN,RPL,91000863619,           ,5203,       ,   , ,    , ,0,      ,895087,512390,MNO,4630,LENL,ENTRUSTMENT LOAN,20210818,20220815,ENTL,512390,5,CNY,2500000,2500000,2500000,2500000,0,0,0,0,0.2,0.2,0,20220815,20231229,11,0,+,0,0,0,0,,,5027.78,5027.78,5027.78,5027.78,20231229,2023,12,29,NA ,,,1.802E+17,1,CN,R,8,TPCOMM15000.00EL-0507009-20190401,360333347 CAP-FEX,LPU1B118796835 DD 713 WCL,
15020,SCB Xiamen branch ( R )                           ,52,26,705,S/T UNCOMMITTED LOAN TO CUST ONSHORE-D,MHG,   ,Y,   ,CN,RMY,91000817443,2005190012,1121,1,772,INTERNAL DEAL-LIABILITY-D,IDDA,INTERNAL DEAL_DEPOSIT-360,2.23,299102,133732,428145,PQR,4651,LSUE,BWC STL UNCOM TO CUST ONSHORE-360,20200519,20201113,STUO,428145,4,CNY,1000000,1000000,1000000,1000000,0,0,0,0,12.17,14.4,0,20201113,20231229,52,2.23,+,0,0,0,0,,,59200.01,59200.01,59200.01,59200.01,20231229,2023,12,29,14,20200817,,1.502E+17,1,CN,R,4,WCSP(LPR)[LPIC],70527447,10666078,
18020,SCB Beijing branch ( R )                          ,11,350,762,ENTRUSTMENT LOAN-D,J29,A00,Y,   ,CN,RPL,91000820444,           ,5203,       ,   , ,    , ,0,      ,895087,440170,STU,4791,LENL,ENTRUSTMENT LOAN,20210611,20220610,ENTL,440170,4,CNY,132450873.3,132450873.3,132450873.3,132450873.3,0,0,0,0,0.2,0.2,0,20220610,20231229,11,0,+,0,0,0,0,,,532746.85,532746.85,532746.85,532746.85,20231229,2023,12,29,NA ,,,1.802E+17,1,CN,R,8,COMM 1000.00 EL-0443788-20180214,360247385  CAP FEX,LPU1B127105790 RO 713 WCL,
20020,SCB Guangzhou branch ( R )                        ,59,26,705,S/T UNCOMMITTED LOAN TO CUST ONSHORE-D,MHG,   ,Y,   ,CN,RPL,91000894852,2301040004,1121,1,772,INTERNAL DEAL-LIABILITY-D,IDDA,INTERNAL DEAL_DEPOSIT-360,1.65,299102,133732,534556,VWX,4663,LSUE,BWC STL UNCOM TO CUST ONSHORE-360,20230103,20230403,STUO,534556,5,CNY,950000,950000,950000,950000,0,0,0,0,6.04,7.69,0,,20231229,59,1.65,+,0,0,0,0,,,43021.29,43021.29,43021.29,43021.29,20231229,2023,12,29,12C,,,2.002E+17,1,CN,R,8,WCSP(LPR),70811419,10830879,
18020,SCB Beijing branch ( R )                          ,11,350,762,ENTRUSTMENT LOAN-D,J29,A00,Y,   ,CN,RPL,91000828503,           ,5203,       ,   , ,    , ,0,      ,895087,512390,YZ,4630,LENL,ENTRUSTMENT LOAN,20210907,20220902,ENTL,512390,5,CNY,12924200,12924200,12924200,12924200,0,0,0,0,0.2,0.2,0,20220902,20231229,11,0,+,0,0,0,0,,,51912.2,51912.2,51912.2,51912.2,20231229,2023,12,29,NA ,,,1.802E+17,1,CN,R,8,TP COMM 15000.00,360333347 CAP-FEX,LPU1B125293513 RO 713,
37020,SCB Jinan Branch(R)                               ,52,26,705,S/T UNCOMMITTED LOAN TO CUST ONSHORE-D,MHG,   ,Y,   ,CN,RPL,91000895781,2209140018,1121,1,772,INTERNAL DEAL-LIABILITY-D,IDDA,INTERNAL DEAL_DEPOSIT-360,1.751,299102,133732,620576,ABC,4210,LSUE,BWC STL UNCOM TO CUST ONSHORE-360,20220914,20230313,STUO,620576,6,CNY,4600000,4600000,4600000,4600000,0,0,0,0,5.449,7.2,0,,20231229,52,1.751,+,0,0,0,0,,,165600,165600,165600,165600,20231229,2023,12,29,12C,,,3.702E+17,1,CN,R,4,WCSP(LPR),70821655,10845735,
10010,SCB Shanghai Main Branch(R)                       ,52,26,719,Guaranteed S/T Uncommitted Loan Onshore-D,MDT,   ,Y,   ,CN,RPL,91000890353,           ,1121,       ,   , ,    , ,0,      ,133732,632140,DEF,4329,GSTL,STL with Gvt Guarantee,20220729,20230728,STUO,632140,6,CNY,658663.42,658663.42,658663.42,658663.42,67263.71,67263.71,67263.71,67263.71,5.55,5.55,0,20230728,20231229,52,0,+,0,0,0,0,,,112374.34,112374.34,179638.05,179638.05,20231229,2023,12,29,12C,,,1.001E+17,1,CN,R,4,WCSP(LPR),70824475,10871555,
15020,SCB Xiamen branch ( R )                           ,52,26,705,S/T UNCOMMITTED LOAN TO CUST ONSHORE-D,MHG,   ,Y,   ,CN,RMY,91000815990,2004300017,1121,1,772,INTERNAL DEAL-LIABILITY-D,IDDA,INTERNAL DEAL_DEPOSIT-360,2.43,299102,133732,428145,GHI,4651,LSUE,BWC STL UNCOM TO CUST ONSHORE-360,20200430,20201027,STUO,428145,4,CNY,600000,600000,600000,600000,0,0,0,0,7.17,9.6,0,20201027,20231229,52,2.43,+,0,0,0,0,,,28800,28800,28800,28800,20231229,2023,12,29,14,,,1.502E+17,1,CN,R,4,WCSP(LPR),70527447,10666078,
15020,SCB Xiamen branch ( R )                           ,52,26,705,S/T UNCOMMITTED LOAN TO CUST ONSHORE-D,MHG,   ,Y,   ,CN,RMY,91000818266,2005270030,1121,1,772,INTERNAL DEAL-LIABILITY-D,IDDA,INTERNAL DEAL_DEPOSIT-360,2.23,299102,133732,428145,JKL,4651,LSUE,BWC STL UNCOM TO CUST ONSHORE-360,20200527,20201123,STUO,428145,4,CNY,1000000,1000000,1000000,1000000,0,0,0,0,12.17,14.4,0,20201123,20231229,52,2.23,+,0,0,0,0,,,60000,60000,60000,60000,20231229,2023,12,29,14,20200825,,1.502E+17,1,CN,R,4,WCSP(LPR)[LPIC],70647612,10666078,
18020,SCB Beijing branch ( R )                          ,11,350,762,ENTRUSTMENT LOAN-D,J29,A00,Y,   ,CN,RPL,91000823868,           ,5203,       ,   , ,    , ,0,      ,895087,440170,MNO,4791,LENL,ENTRUSTMENT LOAN,20210719,20220718,ENTL,440170,4,CNY,137700000,137700000,137700000,137700000,0,0,0,0,0.2,0.2,0,20220718,20231229,11,0,+,0,0,0,0,,,556155,556155,556155,556155,20231229,2023,12,29,NA ,,,1.802E+17,1,CN,R,8,TP COMM 1000.00EL044378820180214,360247385  CAP-FEX,LPU1B111808479 RO 713 WCL,
18020,SCB Beijing branch ( R )                          ,11,350,762,ENTRUSTMENT LOAN-D,J29,A00,Y,   ,CN,RPL,91000823254,           ,5203,       ,   , ,    , ,0,      ,895087,440170,PQR,4791,LENL,ENTRUSTMENT LOAN,20210709,20220708,ENTL,440170,4,CNY,136283100,136283100,136283100,136283100,0,0,0,0,0.2,0.2,0,20220708,20231229,11,0,+,0,0,0,0,,,548160.91,548160.91,548160.91,548160.91,20231229,2023,12,29,NA ,,,1.802E+17,1,CN,R,8,COMM1000.00EL046756620180325,360283489 CAP-FEX,LPU1B133132543 RO 713 WCL,
18020,SCB Beijing branch ( R )                          ,11,350,762,ENTRUSTMENT LOAN-D,J29,A00,Y,   ,CN,RPL,91000820126,           ,5203,       ,   , ,    , ,0,      ,895087,440170,STU,4791,LENL,ENTRUSTMENT LOAN,20210608,20220607,ENTL,440170,4,CNY,34681962.59,34681962.59,34681962.59,34681962.59,0,0,0,0,0.2,0.2,0,20220607,20231229,11,0,+,0,0,0,0,,,273484.28,273484.28,273484.28,273484.28,20231229,2023,12,29,NA ,,,1.802E+17,1,CN,R,8,COMM 1000.00 EL-0519509-20180801,360347751  CAP FEX,LPU1B113856551 PRE 713 WCL,
18020,SCB Beijing branch ( R )                          ,11,350,762,ENTRUSTMENT LOAN-D,J29,A00,Y,   ,CN,RPL,91000846129,           ,5203,       ,   , ,    , ,0,      ,895087,440170,VWX,4791,LENL,ENTRUSTMENT LOAN,20220301,20230228,ENTL,440170,4,CNY,193560000,193560000,193560000,193560000,0,0,0,0,0.2,0.2,0,20230228,20231229,11,0,+,0,0,0,0,,,780692.01,780692.01,780692.01,780692.01,20231229,2023,12,29,NA ,,,1.802E+17,1,CN,R,8,COMM 1000.00 EL-0584811-20210223,360936895 CAP-FEX,LPU1B120815966 RO 713,
20020,SCB Guangzhou branch ( R )                        ,59,26,705,S/T UNCOMMITTED LOAN TO CUST ONSHORE-D,MHG,   ,Y,   ,CN,RPL,91000894507,2301040003,1121,1,772,INTERNAL DEAL-LIABILITY-D,IDDA,INTERNAL DEAL_DEPOSIT-360,1.65,299102,133732,534556,YZ,4663,LSUE,BWC STL UNCOM TO CUST ONSHORE-360,20221230,20230330,STUO,534556,5,CNY,1000000,1000000,1000000,1000000,0.01,0.01,0,0,6.04,7.69,0,,20231229,59,1.65,+,0,0,0,0,,,45712.77,45712.77,45712.77,45712.77,20231229,2023,12,29,12C,,,2.002E+17,1,CN,R,8,WCSP(LPR),70811419,10830879,
20020,SCB Guangzhou branch ( R )                        ,59,26,705,S/T UNCOMMITTED LOAN TO CUST ONSHORE-D,MHG,   ,Y,   ,CN,RPL,91000893874,2301040001,1121,1,772,INTERNAL DEAL-LIABILITY-D,IDDA,INTERNAL DEAL_DEPOSIT-360,1.644,299102,133732,534556,ABC,4663,LSUE,BWC STL UNCOM TO CUST ONSHORE-360,20221227,20230327,STUO,534556,5,CNY,1000000,1000000,1000000,1000000,0.01,0.01,0.01,0.01,6.046,7.69,0,,20231229,59,1.644,+,0,0,0,0,,,45178.73,45178.73,45178.74,45178.74,20231229,2023,12,29,12C,,,2.002E+17,1,CN,R,8,WCSP(LPR),70811419,10830879,
28020,SCB (China) LTD Chongqing Branch(R)               ,59,26,705,S/T UNCOMMITTED LOAN TO CUST ONSHORE-D,MHG,   ,Y,   ,CN,RPL,91000923226,2303210020,1121,1,772,INTERNAL DEAL-LIABILITY-D,IDDA,INTERNAL DEAL_DEPOSIT-360,2.49847,299102,133732,577888,DEF,2930,LSUE,BWC STL UNCOM TO CUST ONSHORE-360,20230321,20230818,STUO,577888,5,CNY,327478,327478,327478,327478,0,0,0,0,5.80153,8.3,0,,20231229,59,2.49847,+,0,0,0,0,,,11325.28,11325.28,11325.28,11325.28,20231229,2023,12,29,12C,,,2.802E+17,1,CN,R,8,WCSP(LPR),70789688,10864441,
18020,SCB Beijing branch ( R )                          ,1,500,762,ENTRUSTMENT LOAN-D,E23,   ,Y,   ,CN,RPL,91000623125,           ,5141,       ,   , ,    , ,0,      ,895087,1155024,GHI,8341,LENL,ENTRUSTMENT LOAN,20151103,20180917,ENTL,1155024,11,CNY,2000000,2000000,2000000,2000000,0,0,0,0,6.2,6.2,0,20180917,20231229,1,0,+,0,0,0,0,,,361322.22,361322.22,361322.22,361322.22,20231229,2023,12,29,NA ,,,1.802E+17,1,CN,R,8,TP COMM 12177.78,300051577 L/I 506349,W0011200292442 RO,
18020,SCB Beijing branch ( R )                          ,1,500,762,ENTRUSTMENT LOAN-D,E23,   ,Y,   ,CN,RPL,91000623153,           ,5141,       ,   , ,    , ,0,      ,895087,1155024,JKL,8341,LENL,ENTRUSTMENT LOAN,20151103,20180917,ENTL,1155024,11,CNY,3400000,3400000,3400000,3400000,0,0,0,0,6.2,6.2,0,20180917,20231229,1,0,+,0,0,0,0,,,614247.78,614247.78,614247.78,614247.78,20231229,2023,12,29,NA ,,,1.802E+17,1,CN,R,8,TP COMM 20702.22,300051577 L/I 506350,W0011200292442 RO,
18020,SCB Beijing branch ( R )                          ,1,500,762,ENTRUSTMENT LOAN-D,E23,   ,Y,   ,CN,RPL,91000623144,           ,5141,       ,   , ,    , ,0,      ,895087,1155024,MNO,8341,LENL,ENTRUSTMENT LOAN,20151103,20180917,ENTL,1155024,11,CNY,1000000,1000000,1000000,1000000,0,0,0,0,6.2,6.2,0,20180917,20231229,1,0,+,0,0,0,0,,,180661.11,180661.11,180661.11,180661.11,20231229,2023,12,29,NA ,,,1.802E+17,1,CN,R,8,TP COMM 6088.89,300051577 L/I 506348,W0011200292442 RO,
18020,SCB Beijing branch ( R )                          ,1,500,762,ENTRUSTMENT LOAN-D,E23,   ,Y,   ,CN,RPL,91000623143,           ,5141,       ,   , ,    , ,0,      ,895087,1155024,PQR,8341,LENL,ENTRUSTMENT LOAN,20151103,20180917,ENTL,1155024,11,CNY,600000,600000,600000,600000,0,0,0,0,6.2,6.2,0,20180917,20231229,1,0,+,0,0,0,0,,,108396.67,108396.67,108396.67,108396.67,20231229,2023,12,29,NA ,,,1.802E+17,1,CN,R,8,TP COMM 3653.33,300051577 L/I 506345,W0011200292442 RO,
10010,SCB Shanghai Main Branch(R)                       ,52,26,719,Guaranteed S/T Uncommitted Loan Onshore-D,MDI,   ,Y,   ,CN,RPL,91000929078,2304190017,1121,1,772,INTERNAL DEAL-LIABILITY-D,IDDA,INTERNAL DEAL_DEPOSIT-360,2.6468,299102,133732,657358,STU,6201,GSTL,STL with Gvt Guarantee,20230419,20240418,STUO,657358,6,CNY,1000000,1000000,1000000,1000000,15125,15125,1750,1750,1.8532,4.5,0,20240119,20231229,52,2.6468,+,26835.63,26835.63,18843.73,18843.73,,,30500,30500,13406.26667,13406.27,20231229,2023,12,29,8A ,,,1.001E+17,1,CN,R,4,WCSP(LPR),70864505,10907173,
10010,SCB Shanghai Main Branch(R)                       ,52,26,719,Guaranteed S/T Uncommitted Loan Onshore-D,MDT,   ,Y,   ,CN,RPL,91000929713,2304230002,1121,1,772,INTERNAL DEAL-LIABILITY-D,IDDA,INTERNAL DEAL_DEPOSIT-360,2.6407,299102,133732,658349,VWX,4100,GSTL,STL with Gvt Guarantee,20230423,20240422,STUO,658349,6,CNY,1000000,1000000,1000000,1000000,18554.16,18554.16,1672.92,1672.92,2.8343,5.475,0,20240123,20231229,52,2.6407,+,26773.77,26773.77,18479.52,18479.52,,,36956.25,36956.25,20149.64778,20149.65,20231229,2023,12,29,8B ,,,1.001E+17,1,CN,R,4,WCSP(LPR),70852884,10913596,
18020,SCB Beijing branch ( R )                          ,11,350,762,ENTRUSTMENT LOAN-D,J29,A00,Y,   ,CN,NCO,91000965484,           ,5203,       ,   , ,    , ,0,      ,895087,677432,YZ,6201,LENL,ENTRUSTMENT LOAN,20231114,20241112,ENTL,677432,6,CNY,5000000,5000000,5000000,5000000,17694.44,17694.44,2381.94,2381.94,0.35,0.35,0,20241112,20231229,11,0,+,0,0,-48.61,-48.61,,,0,0,2430.551111,2430.55,20231229,2023,12,29,NA ,,,1.802E+17,1,CN,R,8,COMM 5055.56 EL-0677191-20231010,361793559 CAP-FEX,LPU1B111976776 DD 625 WCL,
18020,SCB Beijing branch ( R )                          ,11,350,762,ENTRUSTMENT LOAN-D,J29,A00,Y,   ,CN,NCO,91000965476,           ,5203,       ,   , ,    , ,0,      ,895087,677432,ABC,6201,LENL,ENTRUSTMENT LOAN,20231114,20241112,ENTL,677432,6,CNY,5000000,5000000,5000000,5000000,17694.44,17694.44,2381.94,2381.94,0.35,0.35,0,20241112,20231229,11,0,+,0,0,-48.61,-48.61,,,0,0,2430.551111,2430.55,20231229,2023,12,29,NA ,,,1.802E+17,1,CN,R,8,COMM 5055.56 EL-0677191-20231010,361793559 CAP-FEX,LPU1B113801055 DD 625 WCL,
18020,SCB Beijing branch ( R )                          ,1,500,762,ENTRUSTMENT LOAN-D,E23,   ,Y,   ,CN,RPL,91000623139,           ,5141,       ,   , ,    , ,0,      ,895087,1155024,DEF,8341,LENL,ENTRUSTMENT LOAN,20151103,20180917,ENTL,1155024,11,CNY,1000000,1000000,1000000,1000000,0,0,0,0,6.2,6.2,0,20180917,20231229,1,0,+,0,0,0,0,,,180661.11,180661.11,180661.11,180661.11,20231229,2023,12,29,NA ,,,1.802E+17,1,CN,R,8,TP COMM 6088.89,300051577 L/I 506341,W0011200292442 RO,
10010,SCB Shanghai Main Branch(R)                       ,52,26,719,Guaranteed S/T Uncommitted Loan Onshore-D,YAS,   ,Y,   ,CN,RMY,91000934767,2305250026,1121,1,772,INTERNAL DEAL-LIABILITY-D,IDDA,INTERNAL DEAL_DEPOSIT-360,2.481,299102,133732,660575,GHI,7310,GSTL,STL with Gvt Guarantee,20230525,20240524,STUO,660575,6,CNY,2340000,2340000,2340000,2340000,80605.69,80605.69,4270.5,4270.5,5.7315,8.2125,0,20240125,20231229,52,2.481,+,58861.75,58861.75,35267.02,35267.02,,,92883.4,92883.4,61886.8825,61886.88,20231229,2023,12,29,6B ,,,1.001E+17,1,CN,R,4,WCSP(LPR)[LPIC],70876054,10921063,
10010,SCB Shanghai Main Branch(R)                       ,59,26,705,S/T UNCOMMITTED LOAN TO CUST ONSHORE-D,YPI,   ,Y,   ,CN,RPL,91000973292,2312220005,1121,1,772,INTERNAL DEAL-LIABILITY-D,IDDA,INTERNAL DEAL_DEPOSIT-360,2.376,299102,133732,547221,JKL,4630,LSUE,BWC STL UNCOM TO CUST ONSHORE-360,20231222,20240619,STUO,547221,5,CNY,3000000,3000000,3000000,3000000,80249.99,80249.99,4904.17,4904.17,2.974,5.35,0,20240122,20231229,59,2.376,+,35640,35640,1732.17,1732.17,,,0,0,3172.003333,3172,20231229,2023,12,29,10A,,,1.001E+17,1,CN,R,8,WCSP(LPR),70784624,10919836,
10010,SCB Shanghai Main Branch(R)                       ,59,26,705,S/T UNCOMMITTED LOAN TO CUST ONSHORE-D,YPI,   ,Y,   ,CN,RPL,91000965609,2311140013,1121,1,772,INTERNAL DEAL-LIABILITY-D,IDDA,INTERNAL DEAL_DEPOSIT-360,2.4985,299102,133732,547221,MNO,4630,LSUE,BWC STL UNCOM TO CUST ONSHORE-360,20231114,20240511,STUO,547221,5,CNY,1000000,1000000,1000000,1000000,22143.05,22143.05,2823.61,2823.61,2.8515,5.35,0,20240112,20231229,59,2.4985,+,12423.11,12423.11,3252.13,3252.13,,,4458.33,4458.33,4029.815,4029.81,20231229,2023,12,29,10A,,,1.001E+17,1,CN,R,8,WCSP(LPR),70784624,10919836,
15020,SCB Xiamen branch ( R )                           ,52,26,705,S/T UNCOMMITTED LOAN TO CUST ONSHORE-D,MHG,   ,Y,   ,CN,RMY,91000804530,           ,1121,       ,   , ,    , ,0,      ,133732,428145,PQR,4651,LSUE,BWC STL UNCOM TO CUST ONSHORE-360,20200529,20200629,STUO,428145,4,CNY,2616832.48,2616832.48,2616832.48,2616832.48,0,0,0,0,9.6,9.6,0,20200629,20231229,52,0,+,0,0,0,0,,,150480,150480,150480,150480,20231229,2023,12,29,14,,,1.502E+17,1,CN,R,4,WCSP,70647612,10666078,
18020,SCB Beijing branch ( R )                          ,11,350,762,ENTRUSTMENT LOAN-D,J29,A00,Y,   ,CN,RPL,91000820572,           ,5203,       ,   , ,    , ,0,      ,895087,440170,STU,4791,LENL,ENTRUSTMENT LOAN,20210614,20220613,ENTL,440170,4,CNY,134800000,134800000,134800000,134800000,0,0,0,0,0.2,0.2,0,20220613,20231229,11,0,+,0,0,0,0,,,543693.34,543693.34,543693.34,543693.34,20231229,2023,12,29,NA ,,,1.802E+17,1,CN,R,8,COMM 1000.00 EL-0443788-20180214,360247385  CAP-FEX,LPU1B127388318 RO 713 WCL,
18020,SCB Beijing branch ( R )                          ,11,350,762,ENTRUSTMENT LOAN-D,J29,A00,Y,   ,CN,RPL,91000850995,           ,5203,       ,   , ,    , ,0,      ,895087,440170,VWX,4791,LENL,ENTRUSTMENT LOAN,20210409,20230405,ENTL,440170,4,CNY,67219771.99,67219771.99,67219771.99,67219771.99,0,0,0,0,0.2,0.2,0,20230405,20231229,11,0,+,0,0,0,0,,,271119.75,271119.75,271119.75,271119.75,20231229,2023,12,29,NA ,,,1.802E+17,1,CN,R,8,JNMISCOMM1000.00EL-0519509-20190626,360347751CAP,LPU1B118541524DD713WCL,
18020,SCB Beijing branch ( R )                          ,11,350,762,ENTRUSTMENT LOAN-D,J29,A00,Y,   ,CN,RPL,91000847213,           ,5203,       ,   , ,    , ,0,      ,895087,440170,YZ,4791,LENL,ENTRUSTMENT LOAN,20220309,20230308,ENTL,440170,4,CNY,97380000,97380000,97380000,97380000,0,0,0,0,0.2,0.2,0,20230308,20231229,11,0,+,0,0,0,0,,,393307,393307,393307,393307,20231229,2023,12,29,NA ,,,1.802E+17,1,CN,R,8,COMM 1000.00 EL-0584811-20210223,360936895 CAP-FEX,LPU1B111330458 RO 713 WCL,
18020,SCB Beijing branch ( R )                          ,11,350,762,ENTRUSTMENT LOAN-D,J29,A00,Y,   ,CN,RPL,91000855669,           ,5203,       ,   , ,    , ,0,      ,895087,512390,ABC,4630,LENL,ENTRUSTMENT LOAN,20210526,20220524,ENTL,512390,5,CNY,3000000,3000000,3000000,3000000,0,0,0,0,0.2,0.2,0,20220524,20231229,11,0,+,0,0,0,0,,,6050,6050,6050,6050,20231229,2023,12,29,NA ,,,1.802E+17,1,CN,R,8,BJZEROCOMM15000.00EL050700920190401,360333347 CAP-FEX,LPU1B138772201 DD 713 WCL,
28020,SCB (China) LTD Chongqing Branch(R)               ,55,26,705,S/T UNCOMMITTED LOAN TO CUST ONSHORE-D,QGE,   ,Y,   ,CN,RPL,91000968489,2311280007,1121,1,772,INTERNAL DEAL-LIABILITY-D,IDDA,INTERNAL DEAL_DEPOSIT-360,2.4906,299102,133732,583383,DEF,3822,LSUE,BWC STL UNCOM TO CUST ONSHORE-360,20231128,20240524,STUO,583383,5,CNY,213528.6,213528.6,213528.6,213528.6,6408.23,6408.23,216.49,216.49,4.8094,7.3,0,20240126,20231229,55,2.4906,+,2629.53,2629.53,473.74,473.74,,,1298.97,1298.97,1041.717144,1041.72,20231229,2023,12,29,6A ,,,2.802E+17,1,CN,R,4,WCSP(LPR),70853039,10887762,
28020,SCB (China) LTD Chongqing Branch(R)               ,55,26,705,S/T UNCOMMITTED LOAN TO CUST ONSHORE-D,QGE,   ,Y,   ,CN,RPL,91000973001,2312210015,1121,1,772,INTERNAL DEAL-LIABILITY-D,IDDA,INTERNAL DEAL_DEPOSIT-360,2.378,299102,133732,583383,GHI,3822,LSUE,BWC STL UNCOM TO CUST ONSHORE-360,20231221,20240618,STUO,583383,5,CNY,500000,500000,500000,500000,18250,18250,1216.67,1216.67,4.922,7.3,0,20240119,20231229,55,2.378,+,5945,5945,294.94,294.94,,,0,0,921.7255556,921.73,20231229,2023,12,29,6A ,,,2.802E+17,1,CN,R,4,WCSP(LPR),70853039,10887762,
28020,SCB (China) LTD Chongqing Branch(R)               ,59,26,705,S/T UNCOMMITTED LOAN TO CUST ONSHORE-D,MHG,   ,Y,   ,CN,RPL,91000921788,           ,1121,       ,   , ,    , ,0,      ,133732,577888,JKL,2930,LSUE,BWC STL UNCOM TO CUST ONSHORE-360,20230313,20230810,STUO,577888,5,CNY,171990.7,171990.7,171990.7,171990.7,0,0,0,0,8.3,8.3,0,20230830,20231229,59,0,+,0,0,0,0,,,6658.05,6658.05,6658.05,6658.05,20231229,2023,12,29,12C,,,2.802E+17,1,CN,R,8,WCSP(LPR),70789688,10864441,
20020,SCB Guangzhou branch ( R )                        ,59,26,705,S/T UNCOMMITTED LOAN TO CUST ONSHORE-D,MJB,   ,Y,   ,CN,RMY,91000961396,2310250005,1121,1,772,INTERNAL DEAL-LIABILITY-D,IDDA,INTERNAL DEAL_DEPOSIT-360,2.3805,299102,133732,595277,MNO,5229,LSUE,BWC STL UNCOM TO CUST ONSHORE-360,20231025,20240422,STUO,595277,5,CNY,4999000,4999000,4999000,4999000,94189.49,94189.49,6332.07,6332.07,3.3195,5.7,0,20240125,20231229,59,2.3805,+,59500.62,59500.62,22017.05,22017.05,,,48282.01,48282.01,32597.02596,32597.03,20231229,2023,12,29,7A ,,,2.002E+17,1,CN,R,8,WCSP(LPR),70788509,10920562,
10010,SCB Shanghai Main Branch(R)                       ,52,26,719,Guaranteed S/T Uncommitted Loan Onshore-D,YIX,   ,Y,   ,CN,RPL,91000930041,2304250013,1121,1,772,INTERNAL DEAL-LIABILITY-D,IDDA,INTERNAL DEAL_DEPOSIT-360,2.6388,299102,133732,615641,PQR,4100,GSTL,STL with Gvt Guarantee,20230425,20240424,STUO,615641,6,CNY,3000000,3000000,3000000,3000000,56970.83,56970.83,3766.67,3766.67,3.0112,5.65,0,20240125,20231229,52,2.6388,+,80263.5,80263.5,54943.97,54943.97,,,114883.32,114883.32,63706.02333,63706.02,20231229,2023,12,29,7A ,,,1.001E+17,1,CN,R,4,WCSP(LPR),70868711,10915602,
10010,SCB Shanghai Main Branch(R)                       ,59,26,705,S/T UNCOMMITTED LOAN TO CUST ONSHORE-D,AFQ,   ,Y,   ,CN,RPL,91000945016,2308010005,1121,1,772,INTERNAL DEAL-LIABILITY-D,IDDA,INTERNAL DEAL_DEPOSIT-360,2.1772,299102,133732,1359193,STU,4652,LSUE,BWC STL UNCOM TO CUST ONSHORE-360,20230801,20240126,STUO,1359193,13,CNY,950000,950000,950000,950000,9738.56,9738.56,5564.89,5564.89,4.4128,6.59,0,20240101,20231229,59,2.1772,+,10226.8,10226.8,8674,8674,,,21216.14,21216.14,18107.03389,18107.03,20231229,2023,12,29,6B ,,,1.001E+17,1,CN,R,8,WCSP(LPR),70636569,10897114,
10010,SCB Shanghai Main Branch(R)                       ,59,26,705,S/T UNCOMMITTED LOAN TO CUST ONSHORE-D,AFQ,   ,Y,   ,CN,RPL,91000974238,2312270012,1121,1,772,INTERNAL DEAL-LIABILITY-D,IDDA,INTERNAL DEAL_DEPOSIT-360,2.3037,299102,133732,1359193,VWX,4652,LSUE,BWC STL UNCOM TO CUST ONSHORE-360,20231227,20240624,STUO,1359193,13,CNY,1050000,1050000,1050000,1050000,34072.5,34072.5,1135.75,1135.75,4.1863,6.49,0,20240126,20231229,59,2.3037,+,12094.44,12094.44,213.86,213.86,,,0,0,921.8941667,921.89,20231229,2023,12,29,6B ,,,1.001E+17,1,CN,R,8,WCSP(LPR),70636569,10943415,
10010,SCB Shanghai Main Branch(R)                       ,59,26,705,S/T UNCOMMITTED LOAN TO CUST ONSHORE-D,AFQ,   ,Y,   ,CN,RPL,91000951341,2309010003,1121,1,772,INTERNAL DEAL-LIABILITY-D,IDDA,INTERNAL DEAL_DEPOSIT-360,2.15,299102,133732,1359193,YZ,4652,LSUE,BWC STL UNCOM TO CUST ONSHORE-360,20230901,20240228,STUO,1359193,13,CNY,900000,900000,900000,900000,14440.25,14440.25,5192,5192,4.34,6.49,0,20240101,20231229,59,2.15,+,9675,9675,6449,6449,,,14764.75,14764.75,13507.75,13507.75,20231229,2023,12,29,6B ,,,1.001E+17,1,CN,R,8,WCSP(LPR),70636569,10897114,
20020,SCB Guangzhou branch ( R )                        ,59,26,705,S/T UNCOMMITTED LOAN TO CUST ONSHORE-D,MJB,   ,Y,   ,CN,RPL,91000968581,2311280012,1121,1,772,INTERNAL DEAL-LIABILITY-D,IDDA,INTERNAL DEAL_DEPOSIT-360,2.4906,299102,133732,662357,ABC,4649,LSUE,BWC STL UNCOM TO CUST ONSHORE-360,20231128,20240524,STUO,662357,6,CNY,4999000,4999000,4999000,4999000,98646.94,98646.94,3332.67,3332.67,2.3094,4.8,0,20240126,20231229,59,2.4906,+,61560.84,61560.84,11438.13,11438.13,,,19996,19996,11890.54142,11890.54,20231229,2023,12,29,7A ,,,2.002E+17,1,CN,R,4,WCSP(LPR),70870182,10914268,
18020,SCB Beijing branch ( R )                          ,11,350,762,ENTRUSTMENT LOAN-D,J29,A00,Y,   ,CN,RPL,91000852356,           ,5203,       ,   , ,    , ,0,      ,895087,512390,DEF,4630,LENL,ENTRUSTMENT LOAN,20210423,20220411,ENTL,512390,5,CNY,6698167,6698167,6698167,6698167,0,0,0,0,0.2,0.2,0,20220411,20231229,11,0,+,0,0,0,0,,,13135.85,13135.85,13135.85,13135.85,20231229,2023,12,29,NA ,,,1.802E+17,1,CN,R,8,ZEROCOMM22987.74EL050700920190401,360333347CAP-FEX,LPU1B134476738DD713WCL,
18020,SCB Beijing branch ( R )                          ,11,350,762,ENTRUSTMENT LOAN-D,J29,A00,Y,   ,CN,RPL,91000865492,           ,5203,       ,   , ,    , ,0,      ,895087,512390,GHI,4630,LENL,ENTRUSTMENT LOAN,20210909,20220905,ENTL,512390,5,CNY,3952500.1,3952500.1,3952500.1,3952500.1,0,0,0,0,0.2,0.2,0,20220905,20231229,11,0,+,0,0,0,0,,,7926.96,7926.96,7926.96,7926.96,20231229,2023,12,29,NA ,,,1.802E+17,1,CN,R,8,COMM 15000.00 EL-0507009-20190401,360333347 CAP-FEX,LPU1B129724479 DD 713 WCL,
20020,SCB Guangzhou branch ( R )                        ,59,26,705,S/T UNCOMMITTED LOAN TO CUST ONSHORE-D,MHG,   ,Y,   ,CN,RPL,91000894299,2301040002,1121,1,772,INTERNAL DEAL-LIABILITY-D,IDDA,INTERNAL DEAL_DEPOSIT-360,1.6493,299102,133732,534556,JKL,4663,LSUE,BWC STL UNCOM TO CUST ONSHORE-360,20221229,20230329,STUO,534556,5,CNY,1000000,1000000,1000000,1000000,0.01,0.01,0,0,6.0407,7.69,0,,20231229,59,1.6493,+,0,0,0,0,,,45071.93,45071.93,45071.93,45071.93,20231229,2023,12,29,12C,,,2.002E+17,1,CN,R,8,WCSP(LPR),70811419,10830879,
37020,SCB Jinan Branch(R)                               ,55,26,705,S/T UNCOMMITTED LOAN TO CUST ONSHORE-D,JUG,   ,Y,   ,CN,RPL,91000967315,2311220009,1121,1,772,INTERNAL DEAL-LIABILITY-D,IDDA,INTERNAL DEAL_DEPOSIT-360,2.521,299102,133732,531242,MNO,4100,LSUE,BWC STL UNCOM TO CUST ONSHORE-360,20231122,20240520,STUO,531242,5,CNY,300000,300000,300000,300000,8112.49,8112.49,594.92,594.92,3.969,6.49,0,20240122,20231229,55,2.521,+,3781.5,3781.5,807.26,807.26,,,1622.5,1622.5,1410.161667,1410.16,20231229,2023,12,29,5A ,,,3.702E+17,1,CN,R,4,WCSP(LPR),70728818,10937884,
15020,SCB Xiamen branch ( R )                           ,52,26,705,S/T UNCOMMITTED LOAN TO CUST ONSHORE-D,MHG,   ,Y,   ,CN,RMY,91000804138,           ,1121,       ,   , ,    , ,0,      ,133732,428145,PQR,4651,LSUE,BWC STL UNCOM TO CUST ONSHORE-360,20200525,20200624,STUO,428145,4,CNY,2000000,2000000,2000000,2000000,0,0,0,0,9.6,9.6,0,20200624,20231229,52,0,+,0,0,0,0,,,120686.67,120686.67,120686.67,120686.67,20231229,2023,12,29,14,,,1.502E+17,1,CN,R,4,WCSP,70647611,10666078,
18020,SCB Beijing branch ( R )                          ,11,350,762,ENTRUSTMENT LOAN-D,J29,A00,Y,   ,CN,RPL,91000863224,           ,5203,       ,   , ,    , ,0,      ,895087,512390,STU,4630,LENL,ENTRUSTMENT LOAN,20210812,20220808,ENTL,512390,5,CNY,2000000,2000000,2000000,2000000,0,0,0,0,0.2,0.2,0,20220808,20231229,11,0,+,0,0,0,0,,,4011.11,4011.11,4011.11,4011.11,20231229,2023,12,29,NA ,,,1.802E+17,1,CN,R,8,TPCOMM15000.00EL-0507009-20190401,360333347 CAP-FEX,LPU1B116134385 DD 713 WCL,
18020,SCB Beijing branch ( R )                          ,11,350,762,ENTRUSTMENT LOAN-D,J29,A00,Y,   ,CN,RPL,91000857028,           ,5203,       ,   , ,    , ,0,      ,895087,512390,VWX,4630,LENL,ENTRUSTMENT LOAN,20210608,20220603,ENTL,512390,5,CNY,1864600.12,1864600.12,1864600.12,1864600.12,0,0,0,0,0.2,0.2,0,20220603,20231229,11,0,+,0,0,0,0,,,3729.2,3729.2,3729.2,3729.2,20231229,2023,12,29,NA ,,,1.802E+17,1,CN,R,8,COMM 15000.00 EL-0507009-20190401,360333347 CAP-FEX,LPU1B110103349 DD 712 WCL,
15020,SCB Xiamen branch ( R )                           ,52,26,705,S/T UNCOMMITTED LOAN TO CUST ONSHORE-D,MHG,   ,Y,   ,CN,RMY,91000816562,2005090011,1121,1,772,INTERNAL DEAL-LIABILITY-D,IDDA,INTERNAL DEAL_DEPOSIT-360,2.43,299102,133732,428145,YZ,4651,LSUE,BWC STL UNCOM TO CUST ONSHORE-360,20200509,20201105,STUO,428145,4,CNY,1790000,1790000,1790000,1790000,0,0,0,0,11.97,14.4,0,20201105,20231229,52,2.43,+,0,0,0,0,,,107400,107400,107400,107400,20231229,2023,12,29,14,20200807,,1.502E+17,1,CN,R,4,WCSP(LPR)[LPIC],70527447,10666078,
18020,SCB Beijing branch ( R )                          ,11,350,762,ENTRUSTMENT LOAN-D,J29,A00,Y,   ,CN,RPL,91000867953,           ,5203,       ,   , ,    , ,0,      ,895087,440170,ABC,4791,LENL,ENTRUSTMENT LOAN,20211015,20241011,ENTL,440170,4,CNY,129474000,129474000,129474000,129474000,785475.6,785475.6,581913.7,581913.7,0.2,0.2,0,20241011,20231229,11,0,+,0,0,-719.3,-719.3,,,0,0,582633,582633,20231229,2023,12,29,NA ,,,1.802E+17,1,CN,R,8,TPCOMM1000.00 EL-0519509-20190626,360347751 CAP-FEX,LPU1B137784533 DD 713 WCL,
10010,SCB Shanghai Main Branch(R)                       ,52,26,719,Guaranteed S/T Uncommitted Loan Onshore-D,YAM,   ,Y,   ,CN,RPL,91000945429,2308030010,1121,1,772,INTERNAL DEAL-LIABILITY-D,IDDA,INTERNAL DEAL_DEPOSIT-360,2.335,299102,133732,668921,DEF,4630,GSTL,STL with Gvt Guarantee,20230803,20240802,STUO,668921,6,CNY,2000000,2000000,2000000,2000000,72479.16,72479.16,9466.67,9466.67,2.99,5.325,0,20240103,20231229,52,2.335,+,47348.63,47348.63,19421.94,19421.94,,,35500,35500,25544.72556,25544.73,20231229,2023,12,29,6B ,,,1.001E+17,1,CN,R,4,WCSP(LPR),70881111,10932706,
10010,SCB Shanghai Main Branch(R)                       ,52,26,719,Guaranteed S/T Uncommitted Loan Onshore-D,MEQ,   ,Y,   ,CN,RPL,91000957328,2309280029,1121,1,772,INTERNAL DEAL-LIABILITY-D,IDDA,INTERNAL DEAL_DEPOSIT-360,2.44,299102,133732,673795,GHI,4649,GSTL,STL with Gvt Guarantee,20230928,20240927,STUO,673795,6,CNY,1950000,1950000,1950000,1950000,76805.62,76805.62,1401.56,1401.56,2.735,5.175,0,20240126,20231229,52,2.44,+,48240.85,48240.85,12407.69,12407.69,,,25508.44,25508.44,14502.3125,14502.31,20231229,2023,12,29,7A ,,,1.001E+17,1,CN,R,4,WCSP(LPR),70889338,10938421,
10010,SCB Shanghai Main Branch(R)                       ,55,26,705,S/T UNCOMMITTED LOAN TO CUST ONSHORE-D,YEP,   ,Y,   ,CN,RPL,91000967562,2311230002,1121,1,772,INTERNAL DEAL-LIABILITY-D,IDDA,INTERNAL DEAL_DEPOSIT-360,2.4953,299102,133732,238108,JKL,7830,LSUE,BWC STL UNCOM TO CUST ONSHORE-360,20231123,20240521,STUO,238108,2,CNY,1100000,1100000,1100000,1100000,39679.45,39679.45,2890.56,2890.56,6.1047,8.6,0,20240123,20231229,55,2.4953,+,13724.14,13724.14,2787.03,2787.03,,,7620.56,7620.56,7724.086667,7724.09,20231229,2023,12,29,7A ,,,1.001E+17,1,CN,R,8,WCSP(LPR),70550222,10938398,
15020,SCB Xiamen branch ( R )                           ,52,29,705,S/T UNCOMMITTED LOAN TO CUST ONSHORE-D,EFE,   ,Y,   ,CN,RMY,91000963121,2310310018,1121,1,772,INTERNAL DEAL-LIABILITY-D,IDDA,INTERNAL DEAL_DEPOSIT-360,2.466,299102,133732,355382,MNO,4329,LSUE,BWC STL UNCOM TO CUST ONSHORE-360,20231031,20240426,STUO,355382,3,CNY,867295.96,867295.96,867295.96,867295.96,21358.37,21358.37,717.93,717.93,4.984,7.45,0,20240131,20231229,52,2.466,+,10574.92,10574.92,3563.33,3563.33,,,10589.44,10589.44,7744.036365,7744.04,20231229,2023,12,29,5A ,,,1.502E+17,1,CN,R,4,WCSP(LPR),70542367,10939097,
37020,SCB Jinan Branch(R)                               ,55,26,705,S/T UNCOMMITTED LOAN TO CUST ONSHORE-D,JUG,   ,Y,   ,CN,RPL,91000970474,2312070002,1121,1,772,INTERNAL DEAL-LIABILITY-D,IDDA,INTERNAL DEAL_DEPOSIT-360,2.5373,299102,133732,531242,PQR,4100,LSUE,BWC STL UNCOM TO CUST ONSHORE-360,20231207,20240604,STUO,531242,5,CNY,600000,600000,600000,600000,19470,19470,2812.33,2812.33,3.9527,6.49,0,20240105,20231229,55,2.5373,+,7611.9,7611.9,991.33,991.33,,,0,0,1821,1821,20231229,2023,12,29,5A ,,,3.702E+17,1,CN,R,4,WCSP(LPR),70728818,10937884,
18020,SCB Beijing branch ( R )                          ,11,350,762,ENTRUSTMENT LOAN-D,J29,A00,Y,   ,CN,RPL,91000853666,           ,5203,       ,   , ,    , ,0,      ,895087,512390,STU,4630,LENL,ENTRUSTMENT LOAN,20210508,20220428,ENTL,512390,5,CNY,810000,810000,810000,810000,0,0,0,0,0.2,0.2,0,20220428,20231229,11,0,+,0,0,0,0,,,1597.5,1597.5,1597.5,1597.5,20231229,2023,12,29,NA ,,,1.802E+17,1,CN,R,8,BJZEROCOMM15000.00EL050700920190401,360333347CAP-FEX,LPU1B133300941DD713WCL,
28020,SCB (China) LTD Chongqing Branch(R)               ,59,26,705,S/T UNCOMMITTED LOAN TO CUST ONSHORE-D,QGV,   ,Y,   ,CN,RPL,91000943854,2307260036,1121,1,772,INTERNAL DEAL-LIABILITY-D,IDDA,INTERNAL DEAL_DEPOSIT-360,2.201,299102,133732,447096,VWX,4630,LSUE,BWC STL UNCOM TO CUST ONSHORE-360,20230726,20240122,STUO,447096,4,CNY,285740,285740,285740,285740,1543,1543,400.04,400.04,4.999,7.2,0,20240122,20231229,59,2.201,+,3144.55,3144.55,2738.02,2738.02,,,8743.65,8743.65,6405.665822,6405.67,20231229,2023,12,29,6A ,,,2.802E+17,1,CN,R,8,WCSP(LPR),70566957,10879984,
28020,SCB (China) LTD Chongqing Branch(R)               ,59,26,705,S/T UNCOMMITTED LOAN TO CUST ONSHORE-D,QGV,   ,Y,   ,CN,RPL,91000971757,2312140008,1121,1,772,INTERNAL DEAL-LIABILITY-D,IDDA,INTERNAL DEAL_DEPOSIT-360,2.4738,299102,133732,520287,YZ,4312,LSUE,BWC STL UNCOM TO CUST ONSHORE-360,20231214,20240611,STUO,520287,5,CNY,900000,900000,900000,900000,34200,34200,3610,3610,5.1262,7.6,0,20240112,20231229,59,2.4738,+,11132.11,11132.11,985.06,985.06,,,0,0,2624.945,2624.95,20231229,2023,12,29,6A ,,,2.802E+17,1,CN,R,8,WCSP(LPR),70788172,10923504,
28020,SCB (China) LTD Chongqing Branch(R)               ,55,26,705,S/T UNCOMMITTED LOAN TO CUST ONSHORE-D,QGE,   ,Y,   ,CN,RPL,91000962582,2310300039,1121,1,772,INTERNAL DEAL-LIABILITY-D,IDDA,INTERNAL DEAL_DEPOSIT-360,2.457,299102,133732,583383,ABC,3822,LSUE,BWC STL UNCOM TO CUST ONSHORE-360,20231030,20240426,STUO,583383,5,CNY,346161.6,346161.6,346161.6,346161.6,8353.07,8353.07,280.78,280.78,4.843,7.3,0,20240130,20231229,55,2.457,+,4228.98,4228.98,1441.84,1441.84,,,4211.63,4211.63,3050.570011,3050.57,20231229,2023,12,29,6A ,,,2.802E+17,1,CN,R,4,WCSP(LPR),70853039,10887762,
20020,SCB Guangzhou branch ( R )                        ,59,26,705,S/T UNCOMMITTED LOAN TO CUST ONSHORE-D,PYD,   ,Y,   ,CN,RPL,91000951994,2309060007,1121,1,772,INTERNAL DEAL-LIABILITY-D,IDDA,INTERNAL DEAL_DEPOSIT-360,1.86247,299102,133732,3039846,DEF,4690,LSUE,BWC STL UNCOM TO CUST ONSHORE-360,20230906,20240104,STUO,3039846,30,CNY,1200000,1200000,1200000,1200000,5896.67,5896.67,5490,5490,4.23753,6.1,0,20240104,20231229,59,1.86247,+,7449.88,7449.88,7122.38,7122.38,,,18503.33,18503.33,16870.948,16870.95,20231229,2023,12,29,5A ,,,2.002E+17,1,CN,R,8,WCSP(LPR),70574844,10893174,
10010,SCB Shanghai Main Branch(R)                       ,52,26,719,Guaranteed S/T Uncommitted Loan Onshore-D,YAJ,   ,Y,   ,CN,RMY,91000938313,2306200018,1121,1,772,INTERNAL DEAL-LIABILITY-D,IDDA,INTERNAL DEAL_DEPOSIT-360,2.354,299102,133732,664919,GHI,4663,GSTL,STL with Gvt Guarantee,20230620,20240619,STUO,664919,6,CNY,1000000,1000000,1000000,1000000,27173.62,27173.62,1940.97,1940.97,3.021,5.375,0,20240119,20231229,52,2.354,+,23866.99,23866.99,12666.92,12666.92,,,27322.92,27322.92,16596.97333,16596.97,20231229,2023,12,29,7B ,,,1.001E+17,1,CN,R,4,WCSP(LPR),70879897,10925110,
10010,SCB Shanghai Main Branch(R)                       ,52,26,719,Guaranteed S/T Uncommitted Loan Onshore-D,YAM,   ,Y,   ,CN,RPL,91000970796,2312080027,1121,1,772,INTERNAL DEAL-LIABILITY-D,IDDA,INTERNAL DEAL_DEPOSIT-360,2.6,299102,133732,685515,JKL,4630,GSTL,STL with Gvt Guarantee,20231208,20241206,STUO,685515,6,CNY,1780000,1780000,1780000,1780000,93138.54,93138.54,6396.88,6396.88,2.575,5.175,0,20240108,20231229,52,2.6,+,46794.22,46794.22,2958.01,2958.01,,,0,0,3438.866111,3438.87,20231229,2023,12,29,7B ,,,1.001E+17,1,CN,R,4,WCSP(LPR),70897983,10950735,
10010,SCB Shanghai Main Branch(R)                       ,55,26,705,S/T UNCOMMITTED LOAN TO CUST ONSHORE-D,AYL,AYK,Y,   ,CN,RPL,91000952886,2309110005,1121,1,772,INTERNAL DEAL-LIABILITY-D,IDDA,INTERNAL DEAL_DEPOSIT-360,2.0235,299102,133732,2901277,MNO,2399,LSUE,BWC STL UNCOM TO CUST ONSHORE-360,20230911,20240208,STUO,2901277,29,CNY,1500000,1500000,1500000,1500000,33187.5,33187.5,12375,12375,11.4765,13.5,0,20240111,20231229,55,2.0235,+,12646.89,12646.89,8964.81,8964.81,,,34125,34125,37535.1875,37535.19,20231229,2023,12,29,5A ,,,1.001E+17,1,CN,R,4,WCSP(LPR)[LPIC],70397249,10881392,
10010,SCB Shanghai Main Branch(R)                       ,55,26,705,S/T UNCOMMITTED LOAN TO CUST ONSHORE-D,AYL,AYK,Y,   ,CN,RPL,91000954558,2309180010,1121,1,772,INTERNAL DEAL-LIABILITY-D,IDDA,INTERNAL DEAL_DEPOSIT-360,2.10333,299102,133732,2901277,PQR,2399,LSUE,BWC STL UNCOM TO CUST ONSHORE-360,20230918,20240215,STUO,2901277,29,CNY,1500000,1500000,1500000,1500000,33187.5,33187.5,8437.5,8437.5,11.39667,13.5,0,20240118,20231229,55,2.10333,+,13145.8,13145.8,8727.21,8727.21,,,34125,34125,33835.2925,33835.29,20231229,2023,12,29,5A ,,,1.001E+17,1,CN,R,4,WCSP(LPR)[LPIC],70397249,10881392,
20020,SCB Guangzhou branch ( R )                        ,59,26,705,S/T UNCOMMITTED LOAN TO CUST ONSHORE-D,PYD,   ,Y,   ,CN,RPL,91000971109,2312110008,1121,1,772,INTERNAL DEAL-LIABILITY-D,IDDA,INTERNAL DEAL_DEPOSIT-360,2.4513,299102,133732,3039846,STU,4690,LSUE,BWC STL UNCOM TO CUST ONSHORE-360,20231211,20240409,STUO,3039846,30,CNY,1500000,1500000,1500000,1500000,30500,30500,5591.67,5591.67,3.6487,6.1,0,20240111,20231229,59,2.4513,+,12256.5,12256.5,1992.86,1992.86,,,0,0,3598.811667,3598.81,20231229,2023,12,29,5A ,,,2.002E+17,1,CN,R,8,WCSP(LPR),70574844,10893174,
10010,SCB Shanghai Main Branch(R)                       ,52,26,719,Guaranteed S/T Uncommitted Loan Onshore-D,ADB,   ,Y,   ,CN,RMY,91000931096,2304280033,1121,1,772,INTERNAL DEAL-LIABILITY-D,IDDA,INTERNAL DEAL_DEPOSIT-360,2.624,299102,133732,602094,VWX,4659,GSTL,STL with Gvt Guarantee,20230428,20240426,STUO,602094,6,CNY,1500000,1500000,1500000,1500000,27375.02,27375.02,1140.65,1140.65,2.851,5.475,0,20240126,20231229,52,2.624,+,39797.32,39797.32,26995.88,26995.88,,,55662.5,55662.5,29807.275,29807.27,20231229,2023,12,29,5A ,,,1.001E+17,1,CN,R,4,WCSP(LPR),70867740,10915596,
13020,SCB Shenzhen branch ( R )                         ,59,26,705,S/T UNCOMMITTED LOAN TO CUST ONSHORE-D,MKA,   ,Y,   ,CN,RMY,91000973899,2312260016,1121,1,772,INTERNAL DEAL-LIABILITY-D,IDDA,INTERNAL DEAL_DEPOSIT-360,2.3606,299102,133732,579067,YZ,4652,LSUE,BWC STL UNCOM TO CUST ONSHORE-360,20231226,20240621,STUO,579067,5,CNY,2930000,2930000,2930000,2930000,83301.53,83301.53,3275.9,3275.9,3.3894,5.75,0,20240126,20231229,59,2.3606,+,34198.52,34198.52,876.9,876.9,,,0,0,2398.999833,2399,20231229,2023,12,29,8B ,,,1.302E+17,1,CN,R,8,WCSP(LPR),70752849,10892078,
13020,SCB Shenzhen branch ( R )                         ,59,26,705,S/T UNCOMMITTED LOAN TO CUST ONSHORE-D,MKA,   ,Y,   ,CN,RMY,91000965369,2311130024,1121,1,772,INTERNAL DEAL-LIABILITY-D,IDDA,INTERNAL DEAL_DEPOSIT-360,2.4975,299102,133732,579067,ABC,4652,LSUE,BWC STL UNCOM TO CUST ONSHORE-360,20231113,20240511,STUO,579067,5,CNY,2490000,2490000,2490000,2490000,59656.24,59656.24,7954.17,7954.17,3.2525,5.75,0,20240112,20231229,59,2.4975,+,31093.89,31093.89,8239.48,8239.48,,,11931.25,11931.25,11645.94083,11645.94,20231229,2023,12,29,8B ,,,1.302E+17,1,CN,R,8,WCSP(LPR),70752849,10892078,
13020,SCB Shenzhen branch ( R )                         ,59,26,705,S/T UNCOMMITTED LOAN TO CUST ONSHORE-D,MKA,   ,Y,   ,CN,RMY,91000952881,2309110004,1121,1,772,INTERNAL DEAL-LIABILITY-D,IDDA,INTERNAL DEAL_DEPOSIT-360,2.181,299102,133732,579067,DEF,4652,LSUE,BWC STL UNCOM TO CUST ONSHORE-360,20230911,20240308,STUO,579067,5,CNY,2490000,2490000,2490000,2490000,34998.33,34998.33,8749.58,8749.58,3.569,5.75,0,20240111,20231229,59,2.181,+,27002.62,27002.62,16648.62,16648.62,,,36191.46,36191.46,28292.41583,28292.42,20231229,2023,12,29,8B ,,,1.302E+17,1,CN,R,8,WCSP(LPR),70752849,10892078,
28020,SCB (China) LTD Chongqing Branch(R)               ,55,26,705,S/T UNCOMMITTED LOAN TO CUST ONSHORE-D,QGE,   ,Y,   ,CN,RPL,91000966506,2311170023,1121,1,772,INTERNAL DEAL-LIABILITY-D,IDDA,INTERNAL DEAL_DEPOSIT-360,2.516,299102,133732,583383,GHI,3822,LSUE,BWC STL UNCOM TO CUST ONSHORE-360,20231117,20240515,STUO,583383,5,CNY,555804,555804,555804,555804,17131.12,17131.12,2028.68,2028.68,4.784,7.3,0,20240117,20231229,55,2.516,+,6992.02,6992.02,1674.14,1674.14,,,3155.73,3155.73,3510.266596,3510.27,20231229,2023,12,29,6A ,,,2.802E+17,1,CN,R,4,WCSP(LPR),70853039,10887762,
18020,SCB Beijing branch ( R )                          ,11,350,762,ENTRUSTMENT LOAN-D,J29,A00,Y,   ,CN,RPL,91000853665,           ,5203,       ,   , ,    , ,0,      ,895087,440170,JKL,4791,LENL,ENTRUSTMENT LOAN,20210508,20240506,ENTL,440170,4,CNY,126000000,126000000,126000000,126000000,765800,765800,678300,678300,0.2,0.2,0,20240506,20231229,11,0,+,0,0,-700,-700,,,0,0,679000,679000,20231229,2023,12,29,NA ,,,1.802E+17,1,CN,R,8,TJMFCOMM1000.00EL046588320180310,360280716CAP-FEX,LPU1B139984259DD713WCL,
15020,SCB Xiamen branch ( R )                           ,52,29,705,S/T UNCOMMITTED LOAN TO CUST ONSHORE-D,EFE,   ,Y,   ,CN,RMY,91000955168,2309210001,1121,1,772,INTERNAL DEAL-LIABILITY-D,IDDA,INTERNAL DEAL_DEPOSIT-360,2.2852,299102,133732,355382,MNO,4329,LSUE,BWC STL UNCOM TO CUST ONSHORE-360,20230921,20240319,STUO,355382,3,CNY,558524.3,558524.3,558524.3,558524.3,10286.93,10286.93,1387,1387,5.1648,7.45,0,20240119,20231229,52,2.2852,+,6381.7,6381.7,3536.17,3536.17,,,10518.1,10518.1,8368.933717,8368.93,20231229,2023,12,29,5A ,,,1.502E+17,1,CN,R,4,WCSP(LPR),70542367,10939097,
15020,SCB Xiamen branch ( R )                           ,52,29,705,S/T UNCOMMITTED LOAN TO CUST ONSHORE-D,EFE,   ,Y,   ,CN,RMY,91000966312,2311160029,1121,1,772,INTERNAL DEAL-LIABILITY-D,IDDA,INTERNAL DEAL_DEPOSIT-360,2.514,299102,133732,355382,PQR,4329,LSUE,BWC STL UNCOM TO CUST ONSHORE-360,20231116,20240514,STUO,355382,3,CNY,358537.37,358537.37,358537.37,358537.37,11203.79,11203.79,1335.55,1335.55,4.936,7.45,0,20240116,20231229,52,2.514,+,4506.81,4506.81,1102.58,1102.58,,,2151.72,2151.72,2384.687912,2384.69,20231229,2023,12,29,5A ,,,1.502E+17,1,CN,R,4,WCSP(LPR),70542367,10939097,
10010,SCB Shanghai Main Branch(R)                       ,52,26,719,Guaranteed S/T Uncommitted Loan Onshore-D,MDT,   ,Y,   ,CN,RPL,91000919382,2302280028,1121,1,772,INTERNAL DEAL-LIABILITY-D,IDDA,INTERNAL DEAL_DEPOSIT-360,2.692,299102,133732,653218,STU,5629,GSTL,STL with Gvt Guarantee,20230228,20240228,STUO,653218,6,CNY,2300000,2300000,2300000,2300000,21687.09,21687.09,1748.96,1748.96,2.783,5.475,0,20240126,20231229,52,2.692,+,62775.99,62775.99,52622.79,52622.79,,,105986.88,105986.88,55113.05389,55113.05,20231229,2023,12,29,9B ,,,1.001E+17,1,CN,R,4,WCSP(LPR),70859961,10903312,
10010,SCB Shanghai Main Branch(R)                       ,52,26,719,Guaranteed S/T Uncommitted Loan Onshore-D,MDT,   ,Y,   ,CN,RPL,91000972796,2312200018,1121,1,772,INTERNAL DEAL-LIABILITY-D,IDDA,INTERNAL DEAL_DEPOSIT-360,2.5961,299102,133732,639124,VWX,4663,GSTL,STL with Gvt Guarantee,20231220,20241219,STUO,639124,6,CNY,1500000,1500000,1500000,1500000,78703.16,78703.16,2803.13,2803.13,2.5789,5.175,0,20240119,20231229,52,2.5961,+,39482.39,39482.39,1190.6,1190.6,,,0,0,1612.534167,1612.53,20231229,2023,12,29,6B ,,,1.001E+17,1,CN,R,4,WCSP(LPR),70903257,10956517,
18020,SCB Beijing branch ( R )                          ,11,350,762,ENTRUSTMENT LOAN-D,J29,A00,Y,   ,CN,RPL,91000854581,           ,5209,       ,   , ,    , ,0,      ,895087,512390,YZ,4630,LENL,ENTRUSTMENT LOAN,20210517,20220510,ENTL,512390,5,CNY,2000000,2000000,2000000,2000000,0,0,0,0,0.2,0.2,0,20220510,20231229,11,0,+,0,0,0,0,,,3977.78,3977.78,3977.78,3977.78,20231229,2023,12,29,NA ,,,1.802E+17,1,CN,R,8,ZEROLABMM15000.00EL050700920190401,360333347 CAP-FEX,LPU1B127493488 DD 713 WCL,
13020,SCB Shenzhen branch ( R )                         ,55,26,705,S/T UNCOMMITTED LOAN TO CUST ONSHORE-D,MHG,   ,Y,   ,CN,RPL,91000771971,           ,1121,       ,   , ,    , ,0,      ,133732,485072,ABC,2930,LSUE,BWC STL UNCOM TO CUST ONSHORE-360,20190128,20190726,STUO,485072,4,CNY,100000,100000,100000,100000,0,0,0,0,10.63,10.63,0,20190726,20231229,55,0,+,0,0,0,0,,,211418.89,211418.89,211418.89,211418.89,20231229,2023,12,29,14,,,1.302E+17,1,CN,R,4,WCSP (fixed rate),70624806,10641194,
15020,SCB Xiamen branch ( R )                           ,52,26,705,S/T UNCOMMITTED LOAN TO CUST ONSHORE-D,MHG,   ,Y,   ,CN,RMY,91000817532,2005200006,1121,1,772,INTERNAL DEAL-LIABILITY-D,IDDA,INTERNAL DEAL_DEPOSIT-360,2.23,299102,133732,428145,DEF,4651,LSUE,BWC STL UNCOM TO CUST ONSHORE-360,20200520,20201116,STUO,428145,4,CNY,600000,600000,600000,600000,0,0,0,0,12.17,14.4,0,20201116,20231229,52,2.23,+,0,0,0,0,,,36000,36000,36000,36000,20231229,2023,12,29,14,20200818,,1.502E+17,1,CN,R,4,WCSP(LPR)[LPIC],70647611,10666078,
28020,SCB (China) LTD Chongqing Branch(R)               ,59,26,705,S/T UNCOMMITTED LOAN TO CUST ONSHORE-D,QGV,   ,Y,   ,CN,RPL,91000960303,2310190019,1121,1,772,INTERNAL DEAL-LIABILITY-D,IDDA,INTERNAL DEAL_DEPOSIT-360,2.351,299102,133732,447096,GHI,4630,LSUE,BWC STL UNCOM TO CUST ONSHORE-360,20231019,20240416,STUO,447096,4,CNY,246420,246420,246420,246420,5783.34,5783.34,680.39,680.39,4.749,7.1,0,20240119,20231229,59,2.351,+,2896.67,2896.67,1158.35,1158.35,,,2964.57,2964.57,2486.614875,2486.61,20231229,2023,12,29,6A ,,,2.802E+17,1,CN,R,8,WCSP(LPR),70566957,10879984,
28020,SCB (China) LTD Chongqing Branch(R)               ,59,26,705,S/T UNCOMMITTED LOAN TO CUST ONSHORE-D,QGV,   ,Y,   ,CN,RPL,91000972340,2312180017,1121,1,772,INTERNAL DEAL-LIABILITY-D,IDDA,INTERNAL DEAL_DEPOSIT-360,2.4215,299102,133732,447096,JKL,4630,LSUE,BWC STL UNCOM TO CUST ONSHORE-360,20231218,20240614,STUO,447096,4,CNY,169080,169080,169080,169080,5969,5969,500.2,500.2,4.6785,7.1,0,20240118,20231229,59,2.4215,+,2035.76,2035.76,137.25,137.25,,,0,0,362.9516583,362.95,20231229,2023,12,29,6A ,,,2.802E+17,1,CN,R,8,WCSP(LPR),70566957,10935421,
18020,SCB Beijing branch ( R )                          ,1,500,762,ENTRUSTMENT LOAN-D,E23,   ,Y,   ,CN,RPL,91000623136,           ,5141,       ,   , ,    , ,0,      ,895087,1155024,MNO,8341,LENL,ENTRUSTMENT LOAN,20151103,20180917,ENTL,1155024,11,CNY,1000000,1000000,1000000,1000000,0,0,0,0,6.2,6.2,0,20180917,20231229,1,0,+,0,0,0,0,,,180661.11,180661.11,180661.11,180661.11,20231229,2023,12,29,NA ,,,1.802E+17,1,CN,R,8,TP COMM 6088.89,300051577 L/I 506334,W0011200292442 RO,
10010,SCB Shanghai Main Branch(R)                       ,55,26,719,Guaranteed S/T Uncommitted Loan Onshore-D,AYL,AYK,Y,   ,CN,RMY,91000949422,2308250014,1121,1,772,INTERNAL DEAL-LIABILITY-D,IDDA,INTERNAL DEAL_DEPOSIT-360,2.256,299102,133732,526494,PQR,4662,GSTL,STL with Gvt Guarantee,20230825,20240823,STUO,526494,5,CNY,2000000,2000000,2000000,2000000,67222.23,67222.23,2222.22,2222.22,2.744,5,0,20240125,20231229,55,2.256,+,45621.32,45621.32,16015.56,16015.56,,,33888.88,33888.88,20095.54444,20095.54,20231229,2023,12,29,7B ,,,1.001E+17,1,CN,R,4,WCSP(LPR),70885306,10937617,
10010,SCB Shanghai Main Branch(R)                       ,55,26,719,Guaranteed S/T Uncommitted Loan Onshore-D,AFD,   ,Y,   ,CN,RMY,91000971990,2312150005,1121,1,772,INTERNAL DEAL-LIABILITY-D,IDDA,INTERNAL DEAL_DEPOSIT-360,2.6136,299102,133732,440019,STU,8299,GSTL,STL with Gvt Guarantee,20231215,20241213,STUO,440019,4,CNY,2050000,2050000,2050000,2050000,107266.25,107266.25,5304.38,5304.38,2.5614,5.175,0,20240115,20231229,55,2.6136,+,54174.12,54174.12,2384.25,2384.25,,,0,0,2920.1275,2920.13,20231229,2023,12,29,7A ,,,1.001E+17,1,CN,R,4,WCSP(LPR),70896450,10953191,
10010,SCB Shanghai Main Branch(R)                       ,52,26,719,Guaranteed S/T Uncommitted Loan Onshore-D,YIX,   ,Y,   ,CN,RMY,91000930365,2304270002,1121,1,772,INTERNAL DEAL-LIABILITY-D,IDDA,INTERNAL DEAL_DEPOSIT-360,2.6324,299102,133732,657941,VWX,4659,GSTL,STL with Gvt Guarantee,20230427,20240426,STUO,657941,6,CNY,3000000,3000000,3000000,3000000,44870.84,44870.84,2225,2225,1.8176,4.45,0,20240126,20231229,52,2.6324,+,80068.85,80068.85,54470.83,54470.83,,,90483.34,90483.34,38237.50667,38237.51,20231229,2023,12,29,6B ,,,1.001E+17,1,CN,R,4,WCSP(LPR),70845348,10913490,
20020,SCB Guangzhou branch ( R )                        ,59,26,705,S/T UNCOMMITTED LOAN TO CUST ONSHORE-D,PYC,   ,Y,   ,CN,RPL,91000951675,2309040004,1121,1,772,INTERNAL DEAL-LIABILITY-D,IDDA,INTERNAL DEAL_DEPOSIT-360,2.0235,299102,133732,652255,YZ,4630,LSUE,BWC STL UNCOM TO CUST ONSHORE-360,20230904,20240201,STUO,652255,6,CNY,2000000,2000000,2000000,2000000,22911.66,22911.66,11261.67,11261.67,4.9665,6.99,0,20240104,20231229,59,2.0235,+,16862.51,16862.51,13101.67,13101.67,,,35338.33,35338.33,33498.33333,33498.33,20231229,2023,12,29,9A ,,,2.002E+17,1,CN,R,8,WCSP(LPR),70854334,10905012,
